title,company,location,link
Python Software Engineer (Data Pipeline),Bloomreach,No office location,https://stackoverflow.com/jobs/524987
Python Software Engineer (Quant Trading Firm),"Old Mission Capital, LLC","Chicago, IL",https://stackoverflow.com/jobs/528807
Senior Backend Engineer - Python,Cornershop,"São Paulo, Brazil",https://stackoverflow.com/jobs/515697
Principal Python Engineer,ComplyAdvantage,"London, UK",https://stackoverflow.com/jobs/504216
Python Engineer,McD Tech Labs,"Mountain View, CA",https://stackoverflow.com/jobs/534766
Backend Engineer (Python/ Django),Sector Labs,"Dubai, United Arab Emirates",https://stackoverflow.com/jobs/518496
Software Developer (Python),Picnic,"Amsterdam, Netherlands",https://stackoverflow.com/jobs/292346
Python Developer (Remote),Finsera,No office location,https://stackoverflow.com/jobs/524065
Sr. Full Stack Engineer- Python,AutoTrader,"Toronto, ON, Canada",https://stackoverflow.com/jobs/529021
Python Software Engineer - International growing scale-up!,Channable,"Utrecht, Netherlands",https://stackoverflow.com/jobs/265091
Backend developer (Python/Django) with a passion for open source,CAN'T FIND COMPANY,"Stockholm, Sweden",https://stackoverflow.com/jobs/565994
Senior Backend (Python / Django) Engineer (m/f/x),Alasco,"München, Germany",https://stackoverflow.com/jobs/559740
"Senior Software Engineer, Python",Chaturbate,"San Francisco, CA",https://stackoverflow.com/jobs/566183
Software Developer | Python,Marley Spoon AG,"Lisbon, Portugal",https://stackoverflow.com/jobs/566072
Python / Django - Backend Developers,OpenUnited,No office location,https://stackoverflow.com/jobs/566153
Backend developer (Python/Django) with a passion for open source,CAN'T FIND COMPANY,"Göteborg, Sweden",https://stackoverflow.com/jobs/565993
Python Software Developer,EODC GmbH,"Wien, Österreich",https://stackoverflow.com/jobs/496568
"Tech Lead, Python Systems Engineering",McD Tech Labs,"Mountain View, CA",https://stackoverflow.com/jobs/523801
"Data Engineer (Python, ETL)",Finsera,No office location,https://stackoverflow.com/jobs/536631
Senior Software Engineer (Python),HENNGE K.K.,"Tokyo, Japan",https://stackoverflow.com/jobs/555511
Full-Stack Engineer (Python OR Javascript),Neo4j,"Malmö, Sweden",https://stackoverflow.com/jobs/362199
Software Engineer (Java/Python),ComplyAdvantage,"London, UK",https://stackoverflow.com/jobs/528544
Python Entwickler*in Remote (f/m/d),Ambient,"Köln, Deutschland",https://stackoverflow.com/jobs/493874
Python Software Engineer,Captivation Software,"Fort Meade, MD",https://stackoverflow.com/jobs/525426
Senior Python/Django Full-stack Developer,Apicbase Belgium,No office location,https://stackoverflow.com/jobs/545356
Senior Backend Engineer (Python/Django) (m/f/d),Motius GmbH,"Belgrad, Serbien",https://stackoverflow.com/jobs/565746
Senior Python/Django Fullstack Developer (m/f/d) - On-site,social sweethearts® GmbH,"München, Deutschland",https://stackoverflow.com/jobs/566032
Senior Python Backend Developer,Alfi Inc.,"Belfast, UK",https://stackoverflow.com/jobs/520640
Senior Backend Engineer - Python - México,Cornershop by Uber,No office location,https://stackoverflow.com/jobs/526139
"Python Back End Developer (FastAPI, Django, Celery)","Daupler, Inc.","Kansas City, MO",https://stackoverflow.com/jobs/523350
Senior Python/Django Full-stack Developer,Apicbase Belgium,No office location,https://stackoverflow.com/jobs/515716
(Senior) Full-Stack Web Developer - React | Typescript | Python | Kubernetes,Dynatrace,"Wien, Austria",https://stackoverflow.com/jobs/559763
Senior Fullstack Engineer (Python/Django/React)- #12 of Top-100 Marketplaces,StyleSeat,No office location,https://stackoverflow.com/jobs/561047
Senior Software Engineer - Python,DIGARC,No office location,https://stackoverflow.com/jobs/497630
Python Developer (Remote),X-Team,No office location,https://stackoverflow.com/jobs/534454
"Python Software Engineer, Commercial Systems",Canonical,No office location,https://stackoverflow.com/jobs/566156
"Senior IoT Developer (M/W/D/) Python, C++",VISPIRON CHARGE-V GmbH,"München, Deutschland",https://stackoverflow.com/jobs/524044
Senior Data Engineer (Python) - Remote,SemanticBits,No office location,https://stackoverflow.com/jobs/559051
Software Engineer (Python Data Stack) (m/f/d),QuantCo,"Karlsruhe, Germany",https://stackoverflow.com/jobs/349976
"Senior Software Engineer, Integration QA, Python",Canonical,No office location,https://stackoverflow.com/jobs/519661
Principal Python Engineer,ComplyAdvantage,"London, UK",https://stackoverflow.com/jobs/504216
Python Software Engineer,Sav.com,"Chicago, IL",https://stackoverflow.com/jobs/515692
Python Developer,Risk Focus,No office location,https://stackoverflow.com/jobs/552173
"Senior Data Engineer (Python, Kafka, Airflow)",AMBOSS,"Berlin, Germany",https://stackoverflow.com/jobs/415218
Software Engineer (Python AWS),Wizeline,"Phường 12 (Quận 10), Vietnam",https://stackoverflow.com/jobs/487852
Python Engineer,Intel Corporation,"Gdańsk, Poland",https://stackoverflow.com/jobs/529943
Sr. Full Stack Engineer- Python,AutoTrader,"Toronto, ON, Canada",https://stackoverflow.com/jobs/529021
Python Software Engineer - International growing scale-up!,Channable,"Utrecht, Netherlands",https://stackoverflow.com/jobs/265091
Python Developer suchen Kollegen (m/w/d),solute GmbH,"Karlsruhe, Deutschland",https://stackoverflow.com/jobs/284443
Backend developer (Python/Django) with a passion for open source,CAN'T FIND COMPANY,"Stockholm, Sweden",https://stackoverflow.com/jobs/565994
"Data Engineer (Python, ETL)",Finsera,No office location,https://stackoverflow.com/jobs/536631
Fullstack Cloud Engineer (Python/React/AWS),Montash,No office location,https://stackoverflow.com/jobs/556128
(Senior) Python Developer (m/f/d),tribe29 GmbH,"München, Deutschland",https://stackoverflow.com/jobs/526671
"QA Automation Engineer ( Python, Pytest)",Modus Create,No office location,https://stackoverflow.com/jobs/565910
Python Developer suchen Kollegen (m/w/d),solute GmbH,"Karlsruhe, Deutschland",https://stackoverflow.com/jobs/284443
A 'jack-of-all-trades' for an Agile team - Python Dev/ Tech Lead/ Scrum Master,Pentalog,"Hanoi, Vietnam",https://stackoverflow.com/jobs/554242
"Principal Software Engineer, Data (Python & pandas) - London",Synthace Ltd.,"London, UK",https://stackoverflow.com/jobs/554536
Senior Python Softwareentwickler:in (m/w/d),JobRad GmbH,"Freiburg im Breisgau, Deutschland",https://stackoverflow.com/jobs/563123
Software Engineer (Java/Python),ComplyAdvantage,"London, UK",https://stackoverflow.com/jobs/528544
"Software-Entwickler / Developer (w/m/d) Java, Python, UiPath - Operation Support",Daimler Group Services Berlin,"Berlin, Deutschland",https://stackoverflow.com/jobs/566052
"Senior IoT Developer (M/W/D/) Python, C++",VISPIRON CHARGE-V GmbH,"München, Deutschland",https://stackoverflow.com/jobs/524044
HPC Engineering Manager - Python & Linux,Canonical,No office location,https://stackoverflow.com/jobs/565980
"Senior Software Engineer, Integration QA, Python",Canonical,No office location,https://stackoverflow.com/jobs/519661
"3D Pipeline Engineer (Python, Blender)",Geomagical Labs,"Mountain View, CA",https://stackoverflow.com/jobs/565737
Lead/Expert Senior Python Engineer,Steeprock Inc,No office location,https://stackoverflow.com/jobs/565700
"Senior Python Software Developer (m/f/d) @ our Partner ADSPERT (Berlin, remote)",solute GmbH,"Berlin, Deutschland",https://stackoverflow.com/jobs/547853
"IoT / Java, Python Entwickler (w/m/d) - bundesweit & Homeoffice",objective partner AG,"Weinheim, Deutschland",https://stackoverflow.com/jobs/550882
"Junior IoT Developer (M/W/D) Python, C++",VISPIRON CHARGE-V GmbH,"München, Deutschland",https://stackoverflow.com/jobs/548810
"Python Software Engineer (Linux, Security)",diconium group,"Stuttgart, Deutschland",https://stackoverflow.com/jobs/556429
"Senior .Net Developer for ML, Computer Vision and Python Algorithm development",MapLarge,No office location,https://stackoverflow.com/jobs/165235
Administrator / Systembetreuer Python (w/m/d),energy & meteo systems GmbH,"Oldenburg, Deutschland",https://stackoverflow.com/jobs/565266
"Back End Engineer (Python, AWS)",Modus Create,No office location,https://stackoverflow.com/jobs/560131
Lead Software Engineer - Python Focus Big Loop Systems (m/f/d),CARIAD,"Ingolstadt, Germany",https://stackoverflow.com/jobs/547925
Mobile React Native Developer (Remote),Soshace LLC,No office location,https://stackoverflow.com/jobs/566209
Node.js Developer (Remote),Soshace LLC,No office location,https://stackoverflow.com/jobs/566208
"Arista Networks is hiring Front End Engineer for Dublin office(JS, React+Redux)","Arista Networks, Inc","Dublin, Ireland",https://stackoverflow.com/jobs/482910
Frontend React.js Developer (Remote),Soshace LLC,No office location,https://stackoverflow.com/jobs/566207
Cloud Automation Engineer,tribe29 GmbH,"München, Deutschland",https://stackoverflow.com/jobs/547843
Analyste solution/ Chef de projet déploiement Smart O&M (H/F),ENGIE Digital,"Paris, France",https://stackoverflow.com/jobs/548602
DevOps Engineer with interesting scale up challenges,Channable,"Utrecht, Netherlands",https://stackoverflow.com/jobs/500253
Product Owner Smart O&M (H/F),ENGIE Digital,"Paris, France",https://stackoverflow.com/jobs/554454
QA Analyst (H/F),ENGIE Digital,"Paris, France",https://stackoverflow.com/jobs/528279
Senior Full-stack Web Developer,F-Secure,"Poznań, Poland",https://stackoverflow.com/jobs/526479
Senior Full-stack Web Developer,F-Secure,"Basingstoke, UK",https://stackoverflow.com/jobs/535566
Experienced Front-end Developer,F-Secure,"Helsinki, Finland",https://stackoverflow.com/jobs/552301
iOS Developers,F-Secure,"Helsinki, Finland",https://stackoverflow.com/jobs/552307
Android Developer,F-Secure,"Helsinki, Finland",https://stackoverflow.com/jobs/552308
Senior Data Scientist / Data Engineer,F-Secure,"Poznań, Poland",https://stackoverflow.com/jobs/538605
Penetration Tester - Cyber Security,F-Secure,"London, UK",https://stackoverflow.com/jobs/554863
Senior iOS Developer,Marks & Spencer,"London, UK",https://stackoverflow.com/jobs/530984
Full-Stack Software Engineer,Marks & Spencer,"London, UK",https://stackoverflow.com/jobs/530982
Senior Android Developer,Marks & Spencer,"London, UK",https://stackoverflow.com/jobs/530799
Backend Engineer - Remote/On-Site,eLearning Industry,"Athens, Greece",https://stackoverflow.com/jobs/566140
Fully Remote Senior or Staff Software Engineer - Platform9,CAN'T FIND COMPANY,"Mountain View, CA",https://stackoverflow.com/jobs/566202
Full-Stack Senior Developer,AudioValley,"Paris, France",https://stackoverflow.com/jobs/566062
Full-stack web developer (in biodiversity informatics),INBO - Research Institute for Nature and Forest,"Brussels, Belgium",https://stackoverflow.com/jobs/565883
Backend Developer,AudioValley,"Paris, France",https://stackoverflow.com/jobs/518186
Softwareentwickler*in (m/w/x) (Vollzeit),Orendt Studios GmbH,"Hamburg, Deutschland",https://stackoverflow.com/jobs/565680
Staff Software Engineer,BillionToOne,"Menlo Park, CA",https://stackoverflow.com/jobs/565619
"Software Engineer, Backend",SmartNews,"Shibuya City, Japan",https://stackoverflow.com/jobs/208334
(Senior) Backend Engineer at sustainable start-up (m/f/x) - Munich or Remote,FINN,"München, Germany",https://stackoverflow.com/jobs/331741
Fully Remote Senior or Staff Software Engineer - Platform9,CAN'T FIND COMPANY,"Mountain View, CA",https://stackoverflow.com/jobs/566202
Backend Software Engineer - SDVI Rally Core,SDVI,No office location,https://stackoverflow.com/jobs/451625
"Frontend Software Engineer, Business Integrity",ByteDance,Singapore,https://stackoverflow.com/jobs/553035
Full-Stack Software Engineer (C# + .NET 6 / React + Typescript) (f/m/d),HeidelbergCement AG,"Heidelberg, Deutschland",https://stackoverflow.com/jobs/559624
Full-stack web developer (in biodiversity informatics),INBO - Research Institute for Nature and Forest,"Brussels, Belgium",https://stackoverflow.com/jobs/565883
"Software Developers for our offices in Berlin, Hamburg, Göttingen or Abingdon",Evotec SE,"Hamburg, Germany",https://stackoverflow.com/jobs/524299
Senior Full Stack PHP Engineer (all genders),Goodgame Studios,"Hamburg, Deutschland",https://stackoverflow.com/jobs/566009
Fully Remote Senior Software Engineer (Cloud Platform Team) - MariaDB,CAN'T FIND COMPANY,No office location,https://stackoverflow.com/jobs/565955
Staff Software Engineer,BillionToOne,"Menlo Park, CA",https://stackoverflow.com/jobs/565619
Django Engineer (human) for Germany's leading local marketing platform,RegioHelden GmbH,"Stuttgart, Germany",https://stackoverflow.com/jobs/565651
Senior Full Stack Developer at Kogan.com,We Are Common,"Melbourne, Australia",https://stackoverflow.com/jobs/531156
Software Engineer in Test,McD Tech Labs,"Mountain View, CA",https://stackoverflow.com/jobs/523806
React Front End Developer,"Daupler, Inc.","Kansas City, MO",https://stackoverflow.com/jobs/523351
"Software Engineer, Backend",SmartNews,"Shibuya City, Japan",https://stackoverflow.com/jobs/208334
Backend Software Engineer for leading insurtech start-up,iptiQ by Swiss Re,"Hoofddorp, Netherlands",https://stackoverflow.com/jobs/472052
VP Engineering at sustainable start-up (m/f/x) - Brazil/Latin America (Remote),FINN,"München, Germany",https://stackoverflow.com/jobs/445056
Senior Software Developer (Full Stack),Jewel Paymentech Pte Ltd,Singapore,https://stackoverflow.com/jobs/534474
Senior Backend Developer - Paylater,Unzer GmbH,"Frankfurt, Germany",https://stackoverflow.com/jobs/536785
Full stack software engineer,Ailo,"Melbourne, Australia",https://stackoverflow.com/jobs/372382
Software Engineer,Slimmer AI,"Amsterdam, Netherlands",https://stackoverflow.com/jobs/552562
Backend Software Engineer - Trust and Safety Engineering,ByteDance,Singapore,https://stackoverflow.com/jobs/546396
Backend Developer,Octopus Energy,"London, UK",https://stackoverflow.com/jobs/197943
Full-Stack Technical Lead,SSENSE,"Austin, TX",https://stackoverflow.com/jobs/521737
Backend Engineer/ Working Student (m/f/d),Motius GmbH,"München, Deutschland",https://stackoverflow.com/jobs/565857
Full Stack Developer (m/f/d) – Product Team,Boehringer Ingelheim,"Wien, Österreich",https://stackoverflow.com/jobs/566017
"Full-Stack Developer, Research & Development",Houston Astros Baseball R&D,"Houston, TX",https://stackoverflow.com/jobs/536288
Full stack software engineer,Ailo,"Melbourne, Australia",https://stackoverflow.com/jobs/372382
Senior Full Stack Software Engineer,kaliber.ai,"San Francisco, CA",https://stackoverflow.com/jobs/251476
Backend Software Engineer - Trust and Safety Engineering,ByteDance,Singapore,https://stackoverflow.com/jobs/546396
Backend Engineer/ Working Student (m/f/d),Motius GmbH,"München, Deutschland",https://stackoverflow.com/jobs/565857
Senior Software Engineer (Frontend),Deepfield Networks,"Ann Arbor, MI",https://stackoverflow.com/jobs/185876
Software Entwickler (m/w/d),NOVOMATIC AG,"Gumpoldskirchen, Österreich",https://stackoverflow.com/jobs/554829
Web Engineer,Signal AI,"London, UK",https://stackoverflow.com/jobs/273615
Software Engineer (Backend) (m/f/d),QuantCo,"Berlin, Germany",https://stackoverflow.com/jobs/409511
Software Engineer (Monitoring System) - Working in Japan,LINE Fukuoka,"Fukuoka, Japan",https://stackoverflow.com/jobs/273841
C++ Software Engineer - Amsterdam,IMC Trading,"Amsterdam, Netherlands",https://stackoverflow.com/jobs/126614
Senior Backend Architect (m/f/d),Motius GmbH,"München, Deutschland",https://stackoverflow.com/jobs/565858
Senior Backend Engineer,Leaf Logistics,No office location,https://stackoverflow.com/jobs/201671
Full Stack Developer,Common Code,No office location,https://stackoverflow.com/jobs/545907
Senior Full Stack Developer,Motosumo ApS,"Herlev, Denmark",https://stackoverflow.com/jobs/565886
Lead Data Scientist,Singapore Innovate Pte. Ltd,Singapore,https://stackoverflow.com/jobs/565885
Software Engineer,The Orchard,"New York, NY",https://stackoverflow.com/jobs/543311
"Backend Engineer, Markets",TradeBlock,"New York, NY",https://stackoverflow.com/jobs/559193
"Software Engineer, Backend (EMEA)",Hotjar,No office location,https://stackoverflow.com/jobs/565839
"Engineering Experience, Senior Software Engineer (Remote)",Hotjar,No office location,https://stackoverflow.com/jobs/528857
Software Engineer - Build the next generation of AI platform,Signal AI,"London, UK",https://stackoverflow.com/jobs/246027
"Backend Software Engineer, DevOps",Avature,No office location,https://stackoverflow.com/jobs/565332
"Software Engineer, Platform Infrastructure",SmartNews,"Shibuya City, Japan",https://stackoverflow.com/jobs/448299
Front-End Software Engineer,HENNGE K.K.,"Tokyo, Japan",https://stackoverflow.com/jobs/381280
Beginner to Mid-Level Software Engineer,GenSpark,United States,https://www.indeed.com/viewjob?jk=4b1711d8067d3d38&from=web&vjs=3
Python/Odoo ERP Developer,"Novobi, LLC",Remote,https://www.indeed.com/viewjob?jk=e4b6c420d183aec2&from=web&vjs=3
Software Engineer Python/Django Specialist,The Helper Bees,Remote,https://www.indeed.com/viewjob?jk=b741853601dce375&from=web&vjs=3
Data Engineer - ENTRY LEVEL,CCS Global Tech,Remote,https://www.indeed.com/viewjob?jk=57c53883b2108b7a&from=web&vjs=3
Python Developer,JetRock Analytics,Remote,https://www.indeed.com/viewjob?jk=49ac743305ace673&from=web&vjs=3
Python Developer,APLOMB Technologies,,https://www.indeed.com/viewjob?jk=6df1758dd8fe4714&from=web&vjs=3
Python Software Engineering Teaching Assistant (Part-Time),Hackbright Academy,,https://www.indeed.com/viewjob?jk=cc10e115d1ed386e&from=web&vjs=3
Python Developer,Springhead Technologies,,https://www.indeed.com/viewjob?jk=6213fd077a59ea1f&from=web&vjs=3
Python Developer,Combined Computer Resources,Remote,https://www.indeed.com/viewjob?jk=b91d62c3646a50e8&from=web&vjs=3
Python/Django Developer,"Scanslated, Inc.",Remote,https://www.indeed.com/viewjob?jk=7a397698c0ee9cd9&from=web&vjs=3
People Analytics Partner,Netflix,Remote,https://www.indeed.com/viewjob?jk=79c852a11001e519&from=web&vjs=3
Python Developer,workcog inc,,https://www.indeed.com/viewjob?jk=f5a873a6c13439b3&from=web&vjs=3
Python Engineer/Developer (Remote),Impact CFO Services,"Remote in Forest Grove, OR",https://www.indeed.com/viewjob?jk=ca863d39b63b95b3&from=web&vjs=3
GIS Application Specialist,Cultivate Geospatial Solutions,Remote,https://www.indeed.com/viewjob?jk=3cbd42b8019876f3&from=web&vjs=3
Python Developer,Paktolus,Remote,https://www.indeed.com/viewjob?jk=df1cce3cc988f374&from=web&vjs=3
"Remote Backend Engineer (Python, Django, Docker)",Michael Page,,https://www.indeed.com/viewjob?jk=7d77827b0abaea52&from=web&vjs=3
Training & Placement in Python developer,Precision technologies,Remote,https://www.indeed.com/viewjob?jk=deb913b0c3e39d2f&from=web&vjs=3
DevOps Engineer - Python,Springhead Technologies,,https://www.indeed.com/viewjob?jk=07aaa8bee19407dc&from=web&vjs=3
Python/Django Developer,Emonics LLC,,https://www.indeed.com/viewjob?jk=a14ca189bfdd66b2&from=web&vjs=3
3D Animator (100% Remote),The Mom Project,Remote,https://www.indeed.com/viewjob?jk=9af11b35949544bf&from=web&vjs=3
Software Engineer (Python),imgix,Remote,https://www.indeed.com/viewjob?jk=061298c0481410d0&from=web&vjs=3
Python Developer,Iron Systems Inc.,,https://www.indeed.com/viewjob?jk=6e52d44d0099182f&from=web&vjs=3
Data Engineers - Must CODE (C#.Net or Python) - 100% Remote,DISYS,Remote,https://www.indeed.com/viewjob?jk=97aefe41fdceac48&from=web&vjs=3
Python developer - REMOTE ROLE,Maxisit,Remote,https://www.indeed.com/viewjob?jk=b6ba473709fa42f5&from=web&vjs=3
Sr. Python/Django Developer - Remote,Shopventory,Remote,https://www.indeed.com/viewjob?jk=e219fbb29fba1769&from=web&vjs=3
"Python Developer (100% remote, flexible work hours and PTO!)",Outliant,Remote,https://www.indeed.com/viewjob?jk=58da476f091a7b1c&from=web&vjs=3
Python Developer,javantech,Temporarily Remote,https://www.indeed.com/viewjob?jk=f510524135a7b31f&from=web&vjs=3
Data Scientist | Remote Sensing,Bayer,,https://www.indeed.com/viewjob?jk=25c00e8c88d35b54&from=web&vjs=3
Python Developer,Advithri Technologies,,https://www.indeed.com/viewjob?jk=7f4572531fc446ef&from=web&vjs=3
Software Developer – Entry Level,Grant Street Group,Remote,https://www.indeed.com/viewjob?jk=f77b98b79ab2c24b&from=web&vjs=3
Python Engineer/Developer (Remote),"Impact Recruiting, LLC","Remote in Forest Grove, OR",https://www.indeed.com/viewjob?jk=6099fca6314e88f2&from=web&vjs=3
Python/SQL Programmer -REMOTE,Business Focus Inc.,"Remote in Providence, RI",https://www.indeed.com/viewjob?jk=175a17e12262da26&from=web&vjs=3
Python Developer,Cloudspace LLC,Remote,https://www.indeed.com/viewjob?jk=d6ff13fa9ecf0d97&from=web&vjs=3
"Data Analyst, University Graduate - 2022 Start",TikTok,,https://www.indeed.com/viewjob?jk=9ad119417b53fe9d&from=web&vjs=3
University Grad Software Engineer (USA),Pinterest,,https://www.indeed.com/viewjob?jk=88cfddd4b66f1eb6&from=web&vjs=3
Data Scientist & NLG Developer,Arria NLG,,https://www.indeed.com/viewjob?jk=1195376da9e22eec&from=web&vjs=3
Technical Support Specialist Tier 2 (remote),Insightly,Remote,https://www.indeed.com/viewjob?jk=382bd71258c32e11&from=web&vjs=3
"Strategy & Analytics Analyst (Monetization Office), Universi...",TikTok,"San Francisco, CA",https://www.indeed.com/viewjob?jk=9ee1cc9b910a8862&from=web&vjs=3
"Content Strategy and Insights, University Graduate - 2022 St...",TikTok,"Los Angeles, CA",https://www.indeed.com/viewjob?jk=8439f4dcf06119e2&from=web&vjs=3
Senior Python Developer,"Infinity Consulting Solutions, Inc.",,https://www.indeed.com/viewjob?jk=7a5a8e7ea8eb6e43&from=web&vjs=3
Python Developer,Seclytics,Remote,https://www.indeed.com/viewjob?jk=23a4de0f3d0eb2f6&from=web&vjs=3
Data Scientist,SolluCIO Partners,Remote,https://www.indeed.com/viewjob?jk=cea4bb76e92b6ef1&from=web&vjs=3
Effects Artist,Walt Disney Animation Studios,,https://www.indeed.com/viewjob?jk=3917c7a186d2fdf2&from=web&vjs=3
Python Developer,Winwire Technologies,,https://www.indeed.com/viewjob?jk=a4914ff1663e6224&from=web&vjs=3
Junior Data Scientist Apprentice,IBM,,https://www.indeed.com/viewjob?jk=d64d5a2b920ce762&from=web&vjs=3
Entry Level Software Developer,Smoothstack Inc,United States,https://www.indeed.com/viewjob?jk=c7876fd158837b5f&from=web&vjs=3
Python Developer,Cool Minds LLC,Remote,https://www.indeed.com/viewjob?jk=9ac2c760e41d1449&from=web&vjs=3
IT Support Specialist,Marathon TS,Remote,https://www.indeed.com/viewjob?jk=a7891d0f3cca5564&from=web&vjs=3
Data Scientist,Atlantisitgroup,Remote,https://www.indeed.com/viewjob?jk=dd5fe33b801ad9cb&from=web&vjs=3
Product Analyst,Pinterest,United States,https://www.indeed.com/viewjob?jk=fa08bf81585ebd9c&from=web&vjs=3
Python Developer,N9 IT SOLUTIONS,,https://www.indeed.com/viewjob?jk=f83744cb4d8ec265&from=web&vjs=3
QA Engineer (Remote),Psychology Today,,https://www.indeed.com/viewjob?jk=f5e55564d60c2168&from=web&vjs=3
Bioinformatics Consultant,Diamond Age Data Science,Remote,https://www.indeed.com/viewjob?jk=cc18d0acec02ab4d&from=web&vjs=3
Associate Infrastructure Security Engineer,Indeed,,https://www.indeed.com/viewjob?jk=67d799998c2b7fac&from=web&vjs=3
Jr. Python Developer,Brilliant Infotech,Remote,https://www.indeed.com/viewjob?jk=2cccf8dc7fb69022&from=web&vjs=3
Entry Level Data Analyst,FieldLevel,Remote in California,https://www.indeed.com/viewjob?jk=f7a086d756a6fb76&from=web&vjs=3
Python Programming instructor - Part-time online,XL Academy,Remote,https://www.indeed.com/viewjob?jk=78058d10a21b5dbf&from=web&vjs=3
Data Analyst,ASK Consulting,Remote,https://www.indeed.com/viewjob?jk=43df05f63407ace7&from=web&vjs=3
Python Bootcamp Prep Instructor (Part-Time),Hackbright Academy,Remote,https://www.indeed.com/viewjob?jk=f9ce8a747205d18c&from=web&vjs=3
Jr. Data Analyst,Ignite Tek,Remote,https://www.indeed.com/viewjob?jk=13cc08b7afa9afb5&from=web&vjs=3
Senior Python Developer,Unizin,Remote,https://www.indeed.com/viewjob?jk=69d713116a7b83f0&from=web&vjs=3
Data Analyst,Teachable,Remote,https://www.indeed.com/viewjob?jk=2b24fb732192fdd5&from=web&vjs=3
DATA ENGINEER - PYTHON,InspiHER Tech,Remote,https://www.indeed.com/viewjob?jk=3eb413ec2cc83e4c&from=web&vjs=3
Consultant - Delivery,GE Healthcare,Remote in Illinois,https://www.indeed.com/viewjob?jk=38f39f5ae1f8beb8&from=web&vjs=3
Senior Python - Scala Developer,Ascyndent,Remote,https://www.indeed.com/viewjob?jk=f3b7163b06003749&from=web&vjs=3
Data Analyst,Zettalogix Inc,Remote,https://www.indeed.com/viewjob?jk=4af07d781151fd6e&from=web&vjs=3
Python Developer-Reactjs,"SmarTek21, LLC",Remote,https://www.indeed.com/viewjob?jk=034026350a31dc8e&from=web&vjs=3
Data Scientist for NFT & Metaverse Analytics,Chainlabs,Remote,https://www.indeed.com/viewjob?jk=e3af17953c1985d1&from=web&vjs=3
Technology Support Specialist (Remote),Deep Systems,Remote,https://www.indeed.com/viewjob?jk=e73e964ea4f6017a&from=web&vjs=3
Data Analyst with Python,IT First Source,Remote,https://www.indeed.com/viewjob?jk=c3697ca8989c4620&from=web&vjs=3
"Systems Administrator, Internal IT - Remote Only",ACES Quality Management,Remote,https://www.indeed.com/viewjob?jk=6eb345dbafb10bf6&from=web&vjs=3
Data Science & Python Instructor,Digital Workshop Center,Remote,https://www.indeed.com/viewjob?jk=df02c8585ab021b8&from=web&vjs=3
Analyst,Avalanche,Remote,https://www.indeed.com/viewjob?jk=66002443ccbc5ef4&from=web&vjs=3
Python Developer,Combined Computer Resources,Remote,https://www.indeed.com/viewjob?jk=b91d62c3646a50e8&from=web&vjs=3
Senior Front,Netflix,Remote,https://www.indeed.com/viewjob?jk=fcb9aa6a8da659e2&from=web&vjs=3
Python Developer (100% REMOTE),Kairos Technologies,Remote,https://www.indeed.com/viewjob?jk=f28d8fffb2e5e035&from=web&vjs=3
Senior Python Developer,"Simplex info systems Inc,","Portland, OR",https://www.indeed.com/viewjob?jk=ed99f0918c674abb&from=web&vjs=3
Python Developer,IT Alliances Inc,Remote,https://www.indeed.com/viewjob?jk=6194c1f1e47e9506&from=web&vjs=3
Python Developer/Remote/ Washington D.C. local candidates on...,Internet of Things LLC,Remote,https://www.indeed.com/viewjob?jk=a520901cb492275c&from=web&vjs=3
Python Developer (Remote Role),ITGen Systems,Remote,https://www.indeed.com/viewjob?jk=8babcde44804e349&from=web&vjs=3
Support Engineer,DeepSurface Security,"Remote in Portland, OR",https://www.indeed.com/viewjob?jk=44653cd4f30a1b46&from=web&vjs=3
Junior Data Scientist (NYC or Remote),ViacomCBS,,https://www.indeed.com/viewjob?jk=c71b72157f64f825&from=web&vjs=3
"Drone Operator, Prime Air",Amazon.com Services LLC,Oregon,https://www.indeed.com/viewjob?jk=a49b3f1055786304&from=web&vjs=3
Sr. Python Developer,InsurTech,Remote,https://www.indeed.com/viewjob?jk=3ab5f0be667b38f4&from=web&vjs=3
Mid-Level Python Developer,"LaFrancois Web Construction, LLC",,https://www.indeed.com/viewjob?jk=ac5b24c9a6564635&from=web&vjs=3
Software Engineer in Test (Remote),ReviewTrackers,Remote,https://www.indeed.com/viewjob?jk=fcebc29461fb6859&from=web&vjs=3
Fully Remote Data Scientist,Piper Companies,,https://www.indeed.com/viewjob?jk=76d9e6f66fb49374&from=web&vjs=3
Data Analyst 2,ASK Consulting,Remote,https://www.indeed.com/viewjob?jk=3a7293cdd5f2377b&from=web&vjs=3
Data Analyst,"Remote Technology, Inc.",Remote,https://www.indeed.com/viewjob?jk=bb11656edd64016c&from=web&vjs=3
Football Research Associate,Sports Info Solutions,Remote,https://www.indeed.com/viewjob?jk=46d72a8bebf64648&from=web&vjs=3
Software Engineer (Python),"Data Science Works, Inc",Remote,https://www.indeed.com/viewjob?jk=1465e97f4fc26a53&from=web&vjs=3
Sr. Python Engineer,Piper Companies,,https://www.indeed.com/viewjob?jk=55f9edfb663622c9&from=web&vjs=3
Senior Python Developer,OMBU,"Remote in Portland, OR",https://www.indeed.com/viewjob?jk=d13b06d1113de40c&from=web&vjs=3
"Analyst, Business Operations & Strategy",Yelp,Remote,https://www.indeed.com/viewjob?jk=864f3fb6188908eb&from=web&vjs=3
Data Engineer (AWS/Python),"Nordic Consulting Partners, Inc.",Remote,https://www.indeed.com/viewjob?jk=c8ff3d7d79bab363&from=web&vjs=3
Entry level Python Developer,Cyber Wave LLC,Remote,https://www.indeed.com/viewjob?jk=ba6706bafd034a75&from=web&vjs=3
Employee Relations Analyst,Google,"Hybrid remote in New York, NY",https://www.indeed.com/viewjob?jk=242500ede18e7c9a&from=web&vjs=3
Sr. Python Developer,Kanap systems llc,Remote,https://www.indeed.com/viewjob?jk=bc21eb57750cb2ef&from=web&vjs=3
Entry Level Cloud Consultant,IBM,,https://www.indeed.com/viewjob?jk=62b6e84b3fc5d064&from=web&vjs=3
Python Developer(Training and placement),Tek minds,,https://www.indeed.com/viewjob?jk=dbd3b62a7ce8f188&from=web&vjs=3
Data Engineer (AWS/Python),"Nordic Consulting Partners, Inc.",Remote,https://www.indeed.com/viewjob?jk=c8ff3d7d79bab363&from=web&vjs=3
Entry level Python Developer,Cyber Wave LLC,Remote,https://www.indeed.com/viewjob?jk=ba6706bafd034a75&from=web&vjs=3
Employee Relations Analyst,Google,"Hybrid remote in New York, NY",https://www.indeed.com/viewjob?jk=242500ede18e7c9a&from=web&vjs=3
Sr. Python Developer,Kanap systems llc,Remote,https://www.indeed.com/viewjob?jk=bc21eb57750cb2ef&from=web&vjs=3
"Operations Associate, Process Design & Strategy",Oscar Health,Remote,https://www.indeed.com/viewjob?jk=1840251cccfd9dba&from=web&vjs=3
Python Developer(Training and placement),Tek minds,,https://www.indeed.com/viewjob?jk=dbd3b62a7ce8f188&from=web&vjs=3
Python Developer,Lab49,Remote,https://www.indeed.com/viewjob?jk=22820c39dca6676f&from=web&vjs=3
DATA SCIENTIST - PYTHON,InspiHER Tech,Remote,https://www.indeed.com/viewjob?jk=34b0ed38fd0fc727&from=web&vjs=3
Sr. Python Developer,Full Cycle Services,,https://www.indeed.com/viewjob?jk=2d84cba2be253313&from=web&vjs=3
Junior Back End Engineer (Remote),SIRCLO,,https://www.indeed.com/viewjob?jk=6c16aee1774ef627&from=web&vjs=3
"Customer Operations, Support Specialist",Pinterest,Remote,https://www.indeed.com/viewjob?jk=d61705e2f56448c6&from=web&vjs=3
Python Developer,Akava,Remote,https://www.indeed.com/viewjob?jk=c2c2c6dbacd652f8&from=web&vjs=3
Senior Software Developer(Django and Python ),Tellus Solutions,Remote,https://www.indeed.com/viewjob?jk=85cdfbd73f0daebf&from=web&vjs=3
Sr. Python Developer-100% Remote Position,Nitor Infotech,Remote,https://www.indeed.com/viewjob?jk=6aa160ab1171e7f2&from=web&vjs=3
WEB - Python Backend Web Developer (remote),Addison Group,"Remote in Tulsa, OK",https://www.indeed.com/viewjob?jk=1fbb329987f0344b&from=web&vjs=3
BHJOB15656_17041 - Full-stack Python Developer (Remote),Myticas Consulting,,https://www.indeed.com/viewjob?jk=b62a1f871809a090&from=web&vjs=3
"Software Developer (Go, Python, C#, or Rust)","Chameleon Consulting Group, LLC",Remote,https://www.indeed.com/viewjob?jk=0dafbc3291a4f4d9&from=web&vjs=3
Engineering Manager (Remote),Impact CFO Services,"Remote in Forest Grove, OR",https://www.indeed.com/viewjob?jk=c38c17c7b1153502&from=web&vjs=3
SR Python Software Developer,AREVO Group,Remote,https://www.indeed.com/viewjob?jk=94004863d77fd56a&from=web&vjs=3
Software Engineer II -Python - eCommerce,Outside Online,"Remote in Boulder, CO",https://www.indeed.com/viewjob?jk=9262dc0f57d60097&from=web&vjs=3
Python Programmer,Rangam Consultants Inc.,"Beaverton, OR",https://www.indeed.com/viewjob?jk=295bee975cc14ed7&from=web&vjs=3
Network Engineer,Springhead Technologies,Remote,https://www.indeed.com/viewjob?jk=4d70bac2b6a43420&from=web&vjs=3
Python Developer - (Full Stack),The HT Group,,https://www.indeed.com/viewjob?jk=5adab959ff258b09&from=web&vjs=3
Python Developer,Highbrow-Tech,,https://www.indeed.com/viewjob?jk=cb7d5b960834efbf&from=web&vjs=3
Senior Python Developer,Eminence Consulting Services,Remote,https://www.indeed.com/viewjob?jk=f5e5dbecf1595583&from=web&vjs=3
Python Programming Expert Needed for Python Tutorial Project,Simon Sez IT,Remote,https://www.indeed.com/viewjob?jk=b4bb2650d905bae4&from=web&vjs=3
python front end developer,javantech,Remote,https://www.indeed.com/viewjob?jk=5e19db45a00207ca&from=web&vjs=3
100% Remote - Python Developer with GCP,"Software Technology, Inc.",Remote,https://www.indeed.com/viewjob?jk=06fd22a976d422bb&from=web&vjs=3
Data Scientist,Pinterest,,https://www.indeed.com/viewjob?jk=decab07aaa0d3c86&from=web&vjs=3
"R-915071 Analyst II, Systems Engineering",Walmart,,https://www.indeed.com/viewjob?jk=3247eda085630420&from=web&vjs=3
Clinical Data Scientist,Baylor Genetics,,https://www.indeed.com/viewjob?jk=f86743b433c6e408&from=web&vjs=3
Associate Data Consultant,YipitData,,https://www.indeed.com/viewjob?jk=c5da02b15631ef17&from=web&vjs=3
Python Developer,Next Level Services,Remote,https://www.indeed.com/viewjob?jk=aba1a6040fc50cae&from=web&vjs=3
Junior Engineer,wpromote,Remote,https://www.indeed.com/viewjob?jk=21ebe479a0b1ab2e&from=web&vjs=3
"QA Engineer (100% remote, flexible work hours and PTO!)",Outliant,Remote,https://www.indeed.com/viewjob?jk=11332a951f58311d&from=web&vjs=3
Genomics Scientist,InsideTracker ( Segterra ),Remote,https://www.indeed.com/viewjob?jk=ccb0aed9e941a23e&from=web&vjs=3
Data Scientist,"Info Origin, Inc.",Remote,https://www.indeed.com/viewjob?jk=78a8dff4ec514e19&from=web&vjs=3
Python / Django Developer - open to remote | 729790,Revel IT,Remote in Missouri,https://www.indeed.com/viewjob?jk=2f490fd93afc431d&from=web&vjs=3
Data Scientist,1800flowers.com,Remote,https://www.indeed.com/viewjob?jk=15c4a1d23f190447&from=web&vjs=3
Big Data Developer with Python - Remote Work,HMRMS,Remote,https://www.indeed.com/viewjob?jk=b6ab42e2aba39c32&from=web&vjs=3
Research and Data Analyst Supervisor,Pierce County Washington,"Tacoma, WA",https://www.indeed.com/viewjob?jk=643d5cc01ca54870&from=web&vjs=3
Python Developer Anywhere,Santex Group,United States,https://www.indeed.com/viewjob?jk=040f2c487a3dd6d3&from=web&vjs=3
"Software Engineer, Backend - Slack (Intermediate, Senior, an...",Slack,,https://www.indeed.com/viewjob?jk=4854ee830704f0c9&from=web&vjs=3
Python Developer,Zora,Remote,https://www.indeed.com/viewjob?jk=c9c8ef3711ed27d1&from=web&vjs=3
Support Data Analyst (Python),ATP,Remote,https://www.indeed.com/viewjob?jk=5e7ad6364ab67e06&from=web&vjs=3
Customer Success US,Levity,Remote in New York State,https://www.indeed.com/viewjob?jk=c52645e01276dafe&from=web&vjs=3
"Data Engineer - Spark, Python, AWS",FlexIT Inc,,https://www.indeed.com/viewjob?jk=cc23febeed3cc8ee&from=web&vjs=3
Data Analyst,Roles at YipitData,,https://www.indeed.com/viewjob?jk=ba993fa1342fac28&from=web&vjs=3
Python Developer,Digitive LLC,"Temporarily Remote in San Jose, CA",https://www.indeed.com/viewjob?jk=90c243a7df5e52a9&from=web&vjs=3
University Grad Machine Learning Engineer - MASTERS ONLY (US...,Pinterest,,https://www.indeed.com/viewjob?jk=f6658eb0d381c0b0&from=web&vjs=3
Software Engineer (PHP/Python),Catchpoint,Remote,https://www.indeed.com/viewjob?jk=e06b448fecf5553d&from=web&vjs=3
Data Engineer,Ryden Global LLC,Remote,https://www.indeed.com/viewjob?jk=4449761500eda540&from=web&vjs=3
Sr. Python Developer,Digital Dhara LLC,,https://www.indeed.com/viewjob?jk=c0145fba918123ed&from=web&vjs=3
Data Engineer,Insyto Technology Services US Inc,Remote,https://www.indeed.com/viewjob?jk=598a29267e9b7e91&from=web&vjs=3
Research and Data Analyst Supervisor,Pierce County Washington,"Tacoma, WA",https://www.indeed.com/viewjob?jk=643d5cc01ca54870&from=web&vjs=3
"Sustainability Economist, SSI",Amazon.com Services LLC,"Seattle, WA",https://www.indeed.com/viewjob?jk=f138173a1ef3d939&from=web&vjs=3
Senior SAS/Python Data Analyst (Salary up to 160k),LOCFIT LLC,"Temporarily Remote in Washington, DC",https://www.indeed.com/viewjob?jk=06532ee598f46384&from=web&vjs=3
100% Remote - Python Developer with GCP,"Software Technology, Inc.",Remote,https://www.indeed.com/viewjob?jk=06fd22a976d422bb&from=web&vjs=3
Sr. Python Engineer,Highbrow-Tech,Remote,https://www.indeed.com/viewjob?jk=b3082332444a0831&from=web&vjs=3
Data Science & Python Instructor,Digital Workshop Center,Remote,https://www.indeed.com/viewjob?jk=df02c8585ab021b8&from=web&vjs=3
UX Developer,Indeed,,https://www.indeed.com/viewjob?jk=3cf9dc29a90e5a22&from=web&vjs=3
Sr. Python/Django Developer - Remote,Shopventory,Remote,https://www.indeed.com/viewjob?jk=e219fbb29fba1769&from=web&vjs=3
"Opportunities Analyst, YouTube",YouTube,"New York, NY",https://www.indeed.com/viewjob?jk=5c009893824fdca2&from=web&vjs=3
REDCap Administrator,Ascension,,https://www.indeed.com/viewjob?jk=11a252e9e9fc8e63&from=web&vjs=3
Python Developer,Stier Solutions,,https://www.indeed.com/viewjob?jk=b2de55596c3a1f9e&from=web&vjs=3
Associate Solutions Architect – Early Career 2022 (US),"Amazon Web Services, Inc.","Arlington, VA",https://www.indeed.com/viewjob?jk=3905541e1957ec4a&from=web&vjs=3
Software Engineer Apprentice,IBM,,https://www.indeed.com/viewjob?jk=ae2fb301edd0c94b&from=web&vjs=3
Python/Django Developer,Emonics LLC,,https://www.indeed.com/viewjob?jk=a14ca189bfdd66b2&from=web&vjs=3
Customer Support Specialist,CodeCombat,Remote,https://www.indeed.com/viewjob?jk=e77d18959fe359e2&from=web&vjs=3
Subject Matter Expert - Python Software Engineering (Part-Ti...,DevMountain,,https://www.indeed.com/viewjob?jk=13c597c37ccedbcd&from=web&vjs=3
Senior Software Engineer- Python,Bold Penguin,Remote,https://www.indeed.com/viewjob?jk=8a084a9557f5def7&from=web&vjs=3
Software Developer - Python - Remote,Alion Science and Technology,,https://www.indeed.com/viewjob?jk=784eca5dc4bcf148&from=web&vjs=3
Python Developer,Information Technology Management Group,Remote,https://www.indeed.com/viewjob?jk=d27e52790e97dee1&from=web&vjs=3
"Support Engineer, Amazon Explore",Amazon.com Services LLC,"Seattle, WA",https://www.indeed.com/viewjob?jk=e236da8417569d0d&from=web&vjs=3
Python Programming instructor - Part-time online,XL Academy,Remote,https://www.indeed.com/viewjob?jk=78058d10a21b5dbf&from=web&vjs=3
Python Engineer/Developer (Remote),"Impact Recruiting, LLC","Remote in Forest Grove, OR",https://www.indeed.com/viewjob?jk=6099fca6314e88f2&from=web&vjs=3
Python Developer,IT Alliances Inc,Remote,https://www.indeed.com/viewjob?jk=6194c1f1e47e9506&from=web&vjs=3
Sr. Python Developer,MaxisIT Inc,Remote,https://www.indeed.com/viewjob?jk=19b3f840e6924fcf&from=web&vjs=3
Software Engineer - Python,Backstage,"Remote in New York, NY",https://www.indeed.com/viewjob?jk=2814f981b67e8b0b&from=web&vjs=3
Python Developer,Capgemini,,https://www.indeed.com/viewjob?jk=d1d9864a3915b653&from=web&vjs=3
Python Developer(Training and placement),Tek minds,,https://www.indeed.com/viewjob?jk=dbd3b62a7ce8f188&from=web&vjs=3
Software Engineer (Python),"Data Science Works, Inc",Remote,https://www.indeed.com/viewjob?jk=1465e97f4fc26a53&from=web&vjs=3
Business Analyst I,TekwissenGroup,"Seattle, WA",https://www.indeed.com/viewjob?jk=6e0f31a75d88c83f&from=web&vjs=3
Frontend Engineer,Codiga,Remote,https://www.indeed.com/viewjob?jk=14e24187ce02c086&from=web&vjs=3
python Engineer,"SolGenie Technologies, Inc.",Remote,https://www.indeed.com/viewjob?jk=3fa8cd37207c5ba1&from=web&vjs=3
Business Analyst,Sony Music Entertainment US,"New York, NY",https://www.indeed.com/viewjob?jk=291eecbe9286abdd&from=web&vjs=3
Data Analyst,Roles at YipitData,,https://www.indeed.com/viewjob?jk=ba993fa1342fac28&from=web&vjs=3
Junior Data Scientist (NYC or Remote),ViacomCBS,,https://www.indeed.com/viewjob?jk=c71b72157f64f825&from=web&vjs=3
Clinical Data Scientist,Baylor Genetics,,https://www.indeed.com/viewjob?jk=f86743b433c6e408&from=web&vjs=3
"Content Strategy and Insights, University Graduate - 2022 St...",TikTok,"Los Angeles, CA",https://www.indeed.com/viewjob?jk=8439f4dcf06119e2&from=web&vjs=3
Senior Cloud Advocate for Python,Microsoft,,https://www.indeed.com/viewjob?jk=5665077ffdff832a&from=web&vjs=3
Data and Research Analyst,Higher Education Coordinating Commission,"Hybrid remote in Salem, OR",https://www.indeed.com/viewjob?jk=a51576ea35460ac0&from=web&vjs=3
Support Data Analyst (Python),ATP,Remote,https://www.indeed.com/viewjob?jk=5e7ad6364ab67e06&from=web&vjs=3
Researcher,Microsoft,,https://www.indeed.com/viewjob?jk=bd322080dd36d3a3&from=web&vjs=3
Security Engineer (Remote),CrowdStrike,,https://www.indeed.com/viewjob?jk=94d0bf2cfc4ca802&from=web&vjs=3
BHJOB15656_16490 - Senior Data Engineer,Myticas Consulting,Remote,https://www.indeed.com/viewjob?jk=29fbabd5e6b0bfd7&from=web&vjs=3
RESEARCH ANALYST,University of Washington,,https://www.indeed.com/viewjob?jk=45fdce7b6531d82a&from=web&vjs=3
QA Analytics Engineer- 100% Remote,Piper Companies,,https://www.indeed.com/viewjob?jk=fe24e14374a30c7b&from=web&vjs=3
Python Developer,Adifice Technologies,"Remote in Chicago, IL",https://www.indeed.com/viewjob?jk=d1931224de113241&from=web&vjs=3
Python Developer,RFA Engineering,,https://www.indeed.com/viewjob?jk=f1c2441107b6492d&from=web&vjs=3
Data Analyst,mySidewalk,Remote in Missouri,https://www.indeed.com/viewjob?jk=354412c546da1358&from=web&vjs=3
Python Developer (Entry-Level),"Information Management Services, Inc",,https://www.indeed.com/viewjob?jk=a3b64b0b343eb4af&from=web&vjs=3
Python Backend Developer (Remote),Parlance,Remote,https://www.indeed.com/viewjob?jk=c2437828c44a5ef9&from=web&vjs=3
"Analyst, Corporate Strategy",Yelp,Remote,https://www.indeed.com/viewjob?jk=786a70f7a4f082c8&from=web&vjs=3
Senior Python Software Engineer,Link Engineering Resources,Remote,https://www.indeed.com/viewjob?jk=c0dd27dc86a1991e&from=web&vjs=3
Investigative Analyst,Graphika,"Remote in New York, NY",https://www.indeed.com/viewjob?jk=7ad1cb500d27cb40&from=web&vjs=3
"data scientist (multiple openings) - Seattle, WA",Starbucks,"Hybrid remote in Seattle, WA",https://www.indeed.com/viewjob?jk=f84d4861a4473b4b&from=web&vjs=3
Backend Developer (Python),ServicePad,Remote,https://www.indeed.com/viewjob?jk=a3215d5e9e334aa1&from=web&vjs=3
Python Developer,The Money Source (TMS),Remote,https://www.indeed.com/viewjob?jk=18cb22a13505dcae&from=web&vjs=3
Python Developer,YT Global Network,Remote,https://www.indeed.com/viewjob?jk=33582a6290038a02&from=web&vjs=3
Software Engineer Apprentice,IBM,,https://www.indeed.com/viewjob?jk=ae2fb301edd0c94b&from=web&vjs=3
Senior Python Developer,Capacity AI,Remote,https://www.indeed.com/viewjob?jk=a16d701d19b7378e&from=web&vjs=3
Software Engineer I/II,Microsoft,,https://www.indeed.com/viewjob?jk=80b91a43f56790c2&from=web&vjs=3
"Customer Support, Software","Genapsys, Inc.",Remote in Colorado,https://www.indeed.com/viewjob?jk=376d5cabaed10e31&from=web&vjs=3
"Frontend Engineer, University Graduate - 2022 Start",TikTok,,https://www.indeed.com/viewjob?jk=7423e56c5d5a069d&from=web&vjs=3
"Virtualization Engineer (Remote, Full-Time)",SimSpace Corporation,,https://www.indeed.com/viewjob?jk=5c33728180b0791d&from=web&vjs=3
Jr. Platform Operations Engineer,"Prime Trust, LLC",,https://www.indeed.com/viewjob?jk=a184be2e74bf426f&from=web&vjs=3
GIS DATA ENGINEER,United Nations Development Programme (UNDP),Remote,https://www.indeed.com/viewjob?jk=0f61611eb42a0f87&from=web&vjs=3
Python Data Analyst,John Deere,,https://www.indeed.com/viewjob?jk=09244dcb1684af36&from=web&vjs=3
Python Developer,Modern Agile Technologies,"Remote in Dallas, TX",https://www.indeed.com/viewjob?jk=3c38b9ea79ec99ce&from=web&vjs=3
Python Developer-W2,Chirpn Inc.,Remote,https://www.indeed.com/viewjob?jk=3d915a4eed583962&from=web&vjs=3
QA Analytics Engineer- 100% Remote,Piper Companies,,https://www.indeed.com/viewjob?jk=fe24e14374a30c7b&from=web&vjs=3
Analytics Reporting Analyst,Credit Acceptance,,https://www.indeed.com/viewjob?jk=0a03f8afe684f89f&from=web&vjs=3
Climate and Energy Research Analyst - Remote,Global Energy Monitor,"Remote in San Francisco, CA",https://www.indeed.com/viewjob?jk=d64a19dd13b3fb42&from=web&vjs=3
Data Scientist,Patrick J McGovern Foundation,Remote,https://www.indeed.com/viewjob?jk=fcc4e3e071326924&from=web&vjs=3
Business Intelligence Analyst (All levels),Clearcover,Remote in Illinois,https://www.indeed.com/viewjob?jk=5a857da24156ab49&from=web&vjs=3
Developer (Python) III,SWI,Remote,https://www.indeed.com/viewjob?jk=a71d6d48b48e1d97&from=web&vjs=3
Data Scientist,Match Inc,Remote,https://www.indeed.com/viewjob?jk=7a5037f9ea471af2&from=web&vjs=3
Data Analyst - Platform,Research Square Company,,https://www.indeed.com/viewjob?jk=a27b4eb4237fb176&from=web&vjs=3
Systems Engineer,Arete Incident Response,Remote,https://www.indeed.com/viewjob?jk=8dbc9c3ffac5a565&from=web&vjs=3
PYTHON BIG DATA ROLE- REMOTE - LONG TERM,Right Talents,Remote,https://www.indeed.com/viewjob?jk=d186ca4e9c71f7b8&from=web&vjs=3
MACHINE LEARNING ENGINEER,UniGroup,,https://www.indeed.com/viewjob?jk=3d295c0353479fe4&from=web&vjs=3
"Manager, Product Strategy - Enterprise Analytics",Indeed,Remote,https://www.indeed.com/viewjob?jk=0bbd2e89d26940da&from=web&vjs=3
"Mobile Software Engineer, University Graduate - 2022 Start",TikTok,,https://www.indeed.com/viewjob?jk=98a8935aed6b8053&from=web&vjs=3
Python/Django Engineer (Remote),Checkmate Partners,Remote in United States,https://www.indeed.com/viewjob?jk=201caa78cd6a68a2&from=web&vjs=3
Python Developer,Indus Group,United States,https://www.indeed.com/viewjob?jk=67008ecde32d356f&from=web&vjs=3
Data Center Technician,Google,,https://www.indeed.com/viewjob?jk=f691c82257044ed3&from=web&vjs=3
Software Engineer (Python or C++),MediaKind,,https://www.indeed.com/viewjob?jk=31da346dcf9e0c70&from=web&vjs=3
Junior Data Specialist,Grant Thornton,United States,https://www.indeed.com/viewjob?jk=0ed2660b9070beb1&from=web&vjs=3
Training & Placement in Quality Analyst,Precision technologies,Remote,https://www.indeed.com/viewjob?jk=92dbbf019a4f1fc9&from=web&vjs=3
"Associate, Business Operations & Strategy",Yelp,Remote,https://www.indeed.com/viewjob?jk=f6e774d76cf10c59&from=web&vjs=3
Data Analyst I (Remote) - Center for Neuroscience and Regene...,Henry M Jackson Foundation For The Advan,"Remote in Bethesda, MD",https://www.indeed.com/viewjob?jk=742339075ba5f503&from=web&vjs=3
"Software Developer, Junior",Booz Allen Hamilton,,https://www.indeed.com/viewjob?jk=92528aa9dfa145c9&from=web&vjs=3
Entry level Python Developer,Cognizant Technology Solutions,,https://www.indeed.com/viewjob?jk=f57a8cc0831a5cb2&from=web&vjs=3
Full Stack Support Developer,Orases,Remote,https://www.indeed.com/viewjob?jk=f4fcb0207eac017b&from=web&vjs=3
Data Scientist (Remote),Aimpoint Digital,,https://www.indeed.com/viewjob?jk=a60da076e8ed3378&from=web&vjs=3
Data Analyst (Remote),Kitcheck,"Remote in Washington, DC",https://www.indeed.com/viewjob?jk=6bf155fa297a5cb6&from=web&vjs=3
Backend Django Developer,Ippsys LLC,Remote,https://www.indeed.com/viewjob?jk=f5c5c8e1d041e415&from=web&vjs=3
Senior Python Software Engineer,Callibrity,Remote,https://www.indeed.com/viewjob?jk=b402d665efa54d40&from=web&vjs=3
Python Developer,Adifice Technologies,"Remote in Chicago, IL",https://www.indeed.com/viewjob?jk=d1931224de113241&from=web&vjs=3
